"","word","freq"
"1","<>","0.231038506417736"
"2","<>","0.345724907063197"
"3","a","0.1280276816609"
"4","<>","0.261245674740484"
